iter	RMSE
0	1.199303723
1	1.178704564
2	1.159000249
3	1.140218123
4	1.122132623
